-- Insert Teams
INSERT INTO teams (id, name, color_primary, color_secondary) VALUES
  ('11111111-1111-1111-1111-111111111111', '阪神タイガース', '#F6D32D', '#000000'),
  ('22222222-2222-2222-2222-222222222222', '読売ジャイアンツ', '#FF6600', '#000000'),
  ('33333333-3333-3333-3333-333333333333', '広島東洋カープ', '#FF0000', '#FFFFFF'),
  ('44444444-4444-4444-4444-444444444444', '横浜DeNAベイスターズ', '#003399', '#FFFFFF')
ON CONFLICT (id) DO NOTHING;

-- Insert Players (阪神タイガース主要選手5名)
INSERT INTO players (id, team_id, name, position, number) VALUES
  ('a1111111-1111-1111-1111-111111111111', '11111111-1111-1111-1111-111111111111', '近本 光司', '外野手', 5),
  ('a2222222-2222-2222-2222-222222222222', '11111111-1111-1111-1111-111111111111', '中野 拓夢', '内野手', 00),
  ('a3333333-3333-3333-3333-333333333333', '11111111-1111-1111-1111-111111111111', '森下 翔太', '内野手', 2),
  ('a4444444-4444-4444-4444-444444444444', '11111111-1111-1111-1111-111111111111', '佐藤 輝明', '内野手', 51),
  ('a5555555-5555-5555-5555-555555555555', '11111111-1111-1111-1111-111111111111', '大山 悠輔', '内野手', 3)
ON CONFLICT (id) DO NOTHING;

-- Insert Games (直近の3試合 - 勝ち・負け含む)
INSERT INTO games (id, date, opponent_team_id, stadium, home_score, away_score, result_type) VALUES
  ('g1111111-1111-1111-1111-111111111111', '2025-03-29', '22222222-2222-2222-2222-222222222222', '甲子園球場', 5, 3, 'win'),
  ('g2222222-2222-2222-2222-222222222222', '2025-03-30', '22222222-2222-2222-2222-222222222222', '甲子園球場', 2, 4, 'loss'),
  ('g3333333-3333-3333-3333-333333333333', '2025-03-31', '33333333-3333-3333-3333-333333333333', '甲子園球場', 6, 1, 'win')
ON CONFLICT (id) DO NOTHING;

-- Insert Game Stats for Game 1 (勝ち: 5-3)
INSERT INTO game_stats (game_id, player_id, ab, h, rbi, hr, sb) VALUES
  ('g1111111-1111-1111-1111-111111111111', 'a1111111-1111-1111-1111-111111111111', 5, 2, 1, 0, 1),  -- 近本: 5打数2安打
  ('g1111111-1111-1111-1111-111111111111', 'a2222222-2222-2222-2222-222222222222', 4, 2, 2, 1, 0),  -- 中野: 4打数2安打 1本塁打
  ('g1111111-1111-1111-1111-111111111111', 'a3333333-3333-3333-3333-333333333333', 4, 1, 0, 0, 0),  -- 森下: 4打数1安打
  ('g1111111-1111-1111-1111-111111111111', 'a4444444-4444-4444-4444-444444444444', 3, 1, 1, 0, 0),  -- 佐藤: 3打数1安打
  ('g1111111-1111-1111-1111-111111111111', 'a5555555-5555-5555-5555-555555555555', 4, 2, 1, 0, 0)   -- 大山: 4打数2安打
ON CONFLICT (game_id, player_id) DO NOTHING;

-- Insert Game Stats for Game 2 (負け: 2-4)
INSERT INTO game_stats (game_id, player_id, ab, h, rbi, hr, sb) VALUES
  ('g2222222-2222-2222-2222-222222222222', 'a1111111-1111-1111-1111-111111111111', 4, 1, 0, 0, 0),  -- 近本: 4打数1安打
  ('g2222222-2222-2222-2222-222222222222', 'a2222222-2222-2222-2222-222222222222', 4, 0, 0, 0, 0),  -- 中野: 4打数0安打
  ('g2222222-2222-2222-2222-222222222222', 'a3333333-3333-3333-3333-333333333333', 3, 1, 1, 0, 0),  -- 森下: 3打数1安打
  ('g2222222-2222-2222-2222-222222222222', 'a4444444-4444-4444-4444-444444444444', 4, 1, 1, 0, 0),  -- 佐藤: 4打数1安打
  ('g2222222-2222-2222-2222-222222222222', 'a5555555-5555-5555-5555-555555555555', 3, 0, 0, 0, 0)   -- 大山: 3打数0安打
ON CONFLICT (game_id, player_id) DO NOTHING;

-- Insert Game Stats for Game 3 (勝ち: 6-1)
INSERT INTO game_stats (game_id, player_id, ab, h, rbi, hr, sb) VALUES
  ('g3333333-3333-3333-3333-333333333333', 'a1111111-1111-1111-1111-111111111111', 4, 3, 2, 0, 2),  -- 近本: 4打数3安打 2盗塁
  ('g3333333-3333-3333-3333-333333333333', 'a2222222-2222-2222-2222-222222222222', 4, 2, 1, 0, 0),  -- 中野: 4打数2安打
  ('g3333333-3333-3333-3333-333333333333', 'a3333333-3333-3333-3333-333333333333', 4, 1, 1, 0, 0),  -- 森下: 4打数1安打
  ('g3333333-3333-3333-3333-333333333333', 'a4444444-4444-4444-4444-444444444444', 4, 2, 2, 1, 0),  -- 佐藤: 4打数2安打 1本塁打
  ('g3333333-3333-3333-3333-333333333333', 'a5555555-5555-5555-5555-555555555555', 4, 1, 0, 0, 0)   -- 大山: 4打数1安打
ON CONFLICT (game_id, player_id) DO NOTHING;

-- Insert User Attendance (仮のユーザーIDで3試合全て観戦したとして登録)
INSERT INTO user_attendance (user_id, game_id, memo) VALUES
  ('00000000-0000-0000-0000-000000000000', 'g1111111-1111-1111-1111-111111111111', '開幕戦！熱かった'),
  ('00000000-0000-0000-0000-000000000000', 'g2222222-2222-2222-2222-222222222222', '惜しい試合だった'),
  ('00000000-0000-0000-0000-000000000000', 'g3333333-3333-3333-3333-333333333333', '大勝利！最高の試合')
ON CONFLICT (user_id, game_id) DO NOTHING;
